{
  "$schema": "https://developer.microsoft.com/json-schemas/spfx/client-side-web-part-manifest.schema.json",
  "id": "c6b875f6-1cfb-411c-8fa7-9ee83c7455c7",
  "alias": "SearchAuditingWebPart",
  "componentType": "WebPart",
  "version": "*",
  "manifestVersion": 2,
  "supportsFullBleed": true,
  "requiresCustomScript": false,
  "supportedHosts": [
    "SharePointWebPart"
  ],
  "preconfiguredEntries": [
    {
      "groupId": "5c03119e-3074-46fd-976b-c60198311f70",
      "group": {
        "default": "Other"
      },
      "title": {
        "default": "searchAuditing"
      },
      "description": {
        "default": "searchAuditing description"
      },
      "officeFabricIconFontName": "ComplianceAudit",
      "properties": {
        "description": "searchAuditing"
      }
    }
  ]
}