{
  "$schema": "https://developer.microsoft.com/json-schemas/spfx/client-side-web-part-manifest.schema.json",
  "id": "7776567c-a9ae-47a5-990b-ad9687c827f8",
  "alias": "ViewAlertWebPart",
  "componentType": "WebPart",
  "version": "*",
  "manifestVersion": 2,
  "supportsFullBleed": true,
  "requiresCustomScript": false,
  "supportedHosts": [
    "SharePointWebPart"
  ],
  "preconfiguredEntries": [
    {
      "groupId": "5c03119e-3074-46fd-976b-c60198311f70",
      "group": {
        "default": "Other"
      },
      "title": {
        "default": "viewAlert"
      },
      "description": {
        "default": "viewAlert description"
      },
      "officeFabricIconFontName": "Page",
      "properties": {
        "description": "viewAlert",
        "listName": "AlertsDatabase"
      }
    }
  ]
}