{
  "$schema": "https://developer.microsoft.com/json-schemas/spfx/client-side-web-part-manifest.schema.json",
  "id": "aa4020a2-e7a1-4d8a-aca1-d613795b012c",
  "alias": "ManageAlertsWebPart",
  "componentType": "WebPart",
  "version": "*",
  "manifestVersion": 2,
  "requiresCustomScript": false,
  "supportsFullBleed": true,
  "supportedHosts": [
    "SharePointWebPart"
  ],
  "preconfiguredEntries": [
    {
      "groupId": "5c03119e-3074-46fd-976b-c60198311f70",
      "group": {
        "default": "Other"
      },
      "title": {
        "default": "ManageAlerts"
      },
      "description": {
        "default": "Manage GRIP Alerts"
      },
      "officeFabricIconFontName": "Page",
      "properties": {
        "description": "ManageAlerts"
      }
    }
  ]
}