{
  "$schema": "https://developer.microsoft.com/json-schemas/spfx/client-side-web-part-manifest.schema.json",
  "id": "a3191281-4580-4033-8270-f9483ae525f7",
  "alias": "AboutUsOurNetworkWebPart",
  "componentType": "WebPart",
  "version": "*",
  "manifestVersion": 2,
  "supportsFullBleed": true,
  "requiresCustomScript": false,
  "supportedHosts": [
    "SharePointWebPart"
  ],
  "preconfiguredEntries": [
    {
      "groupId": "5c03119e-3074-46fd-976b-c60198311f70",
      "group": {
        "default": "Other"
      },
      "title": {
        "default": "AboutUsOurNetwork"
      },
      "description": {
        "default": "AboutUsOurNetwork description"
      },
      "officeFabricIconFontName": "Page",
      "properties": {
        "description": "AboutUsOurNetwork"
      }
    }
  ]
}