{
  "$schema": "https://developer.microsoft.com/json-schemas/spfx/client-side-web-part-manifest.schema.json",
  "id": "51671807-eef0-442d-a622-9e974295881d",
  "alias": "MetricsAndDashboardWebPart",
  "componentType": "WebPart",
  "version": "*",
  "manifestVersion": 2,
  "supportsFullBleed": true,
  "requiresCustomScript": false,
  "supportedHosts": [
    "SharePointWebPart"
  ],
  "preconfiguredEntries": [
    {
      "groupId": "5c03119e-3074-46fd-976b-c60198311f70",
      "group": {
        "default": "Other"
      },
      "title": {
        "default": "MetricsAndDashboard"
      },
      "description": {
        "default": "MetricsAndDashboard description"
      },
      "officeFabricIconFontName": "Page",
      "properties": {
        "description": "MetricsAndDashboard"
      }
    }
  ]
}