{
  "$schema": "https://developer.microsoft.com/json-schemas/spfx/client-side-web-part-manifest.schema.json",
  "id": "0fc84bee-5b4c-4747-896a-a41065cfba26",
  "alias": "NewsWebPart",
  "componentType": "WebPart",
  "version": "*",
  "manifestVersion": 2,
  "supportsFullBleed": true,
  "requiresCustomScript": false,
  "supportedHosts": [
    "SharePointWebPart"
  ],
  "preconfiguredEntries": [
    {
      "groupId": "5c03119e-3074-46fd-976b-c60198311f70",
      "group": {
        "default": "Other"
      },
      "title": {
        "default": "News"
      },
      "description": {
        "default": "News description"
      },
      "officeFabricIconFontName": "Page",
      "properties": {
        "description": "News"
      }
    }
  ]
}