{
  "$schema": "https://developer.microsoft.com/json-schemas/spfx/client-side-web-part-manifest.schema.json",
  "id": "85eba253-681a-417e-b2cf-a995fdc7f448",
  "alias": "GripBannerWebPart",
  "componentType": "WebPart",
  "version": "*",
  "manifestVersion": 2,
  "supportsFullBleed": true,
  "requiresCustomScript": false,
  "supportedHosts": [
    "SharePointWebPart"
  ],
  "preconfiguredEntries": [
    {
      "groupId": "5c03119e-3074-46fd-976b-c60198311f70",
      "group": {
        "default": "Other"
      },
      "title": {
        "default": "GRIPBanner"
      },
      "description": {
        "default": "GRIPBanner description"
      },
      "officeFabricIconFontName": "Page",
      "properties": {
        "description": "GRIPBanner"
      }
    }
  ]
}