{
  "$schema": "https://developer.microsoft.com/json-schemas/spfx/client-side-web-part-manifest.schema.json",
  "id": "1cd8b52b-f157-4d6d-b3c5-3258efc3acfd",
  "alias": "AboutUsVisionMissionWebPart",
  "componentType": "WebPart",
  "version": "*",
  "manifestVersion": 2,
  "supportsFullBleed": true,
  "requiresCustomScript": false,
  "supportedHosts": [
    "SharePointWebPart"
  ],
  "preconfiguredEntries": [
    {
      "groupId": "5c03119e-3074-46fd-976b-c60198311f70",
      "group": {
        "default": "Other"
      },
      "title": {
        "default": "AboutUsVisionMission"
      },
      "description": {
        "default": "AboutUsVisionMission description"
      },
      "officeFabricIconFontName": "Page",
      "properties": {
        "description": "AboutUsVisionMission"
      }
    }
  ]
}