{
  "$schema": "https://developer.microsoft.com/json-schemas/spfx/client-side-web-part-manifest.schema.json",
  "id": "55a8fae0-fbf9-4267-8873-ce7934e9c50b",
  "alias": "ViewAlertsByRegionTaWebPart",
  "componentType": "WebPart",
  "version": "*",
  "manifestVersion": 2,
  "supportsFullBleed": true,
  "requiresCustomScript": false,
  "supportedHosts": [
    "SharePointWebPart"
  ],
  "preconfiguredEntries": [
    {
      "groupId": "5c03119e-3074-46fd-976b-c60198311f70",
      "group": {
        "default": "Other"
      },
      "title": {
        "default": "ViewAlertsByRegionTA"
      },
      "description": {
        "default": "ViewAlertsByRegionTA description"
      },
      "officeFabricIconFontName": "Page",
      "properties": {
        "description": "ViewAlertsByRegionTA"
      }
    }
  ]
}