{
  "$schema": "https://developer.microsoft.com/json-schemas/spfx/client-side-web-part-manifest.schema.json",
  "id": "7074ed91-565a-4acb-bad6-e0740130b6ab",
  "alias": "ManageSubmitRIforApprovalWebPart",
  "componentType": "WebPart",
  "version": "*",
  "manifestVersion": 2,
  "supportsFullBleed": true,
  "requiresCustomScript": false,
  "supportedHosts": [
    "SharePointWebPart"
  ],
  "preconfiguredEntries": [
    {
      "groupId": "5c03119e-3074-46fd-976b-c60198311f70",
      "group": {
        "default": "Other"
      },
      "title": {
        "default": "ManageSubmitRIforApproval"
      },
      "description": {
        "default": "Manage Submit RI for Approval"
      },
      "officeFabricIconFontName": "Page",
      "properties": {
        "description": "ManageSubmitRIforApproval"
      }
    }
  ]
}