{
  "$schema": "https://developer.microsoft.com/json-schemas/spfx/client-side-web-part-manifest.schema.json",
  "id": "23fd2ebd-ad7b-4735-b865-85b3c6ef7f98",
  "alias": "AddEditAlertsWebPart",
  "componentType": "WebPart",
  "version": "*",
  "manifestVersion": 2,
  "requiresCustomScript": false,
  "supportsFullBleed": true,
  "supportedHosts": [
    "SharePointWebPart"
  ],
  "preconfiguredEntries": [
    {
      "groupId": "5c03119e-3074-46fd-976b-c60198311f70",
      "group": {
        "default": "Other"
      },
      "title": {
        "default": "addEditAlerts"
      },
      "description": {
        "default": "addEditAlerts description"
      },
      "officeFabricIconFontName": "Page",
      "properties": {
        "description": "addEditAlerts",
        "listName": "AlertsDatabase"
      }
    }
  ]
}