<?xml version="1.0"?>
<pnp:Provisioning xmlns:pnp="http://schemas.dev.office.com/PnP/2020/02/ProvisioningSchema">
  <pnp:Preferences Generator="OfficeDevPnP.Core, Version=3.28.2012.0, Culture=neutral, PublicKeyToken=5e633289e95c321a" />
  <pnp:Templates ID="CONTAINER-TEMPLATE-34C521D79107487FBCDE60883660573E">
    <pnp:ProvisioningTemplate ID="TEMPLATE-34C521D79107487FBCDE60883660573E" Version="1" BaseSiteTemplate="GROUP#0" Scope="RootSite">
      <pnp:Lists>
        <pnp:ListInstance Title="Payroll Reports" Description="Payroll Reports" DocumentTemplate="{site}/PayrollReports/Forms/template.dotx" TemplateType="101" Url="PayrollReports" EnableVersioning="true" MinorVersionLimit="0" MaxVersionLimit="500" DraftVersionVisibility="0" TemplateFeatureID="00bfea71-e717-4e80-aa17-d0c71b360101" EnableAttachments="false" DefaultDisplayFormUrl="{site}/PayrollReports/Forms/DispForm.aspx" DefaultEditFormUrl="{site}/PayrollReports/Forms/EditForm.aspx" DefaultNewFormUrl="{site}/PayrollReports/Forms/Upload.aspx" ImageUrl="/_layouts/15/images/itdl.png?rev=47" IrmExpire="false" IrmReject="false" IsApplicationList="false" ValidationFormula="" ValidationMessage="">
          <pnp:ContentTypeBindings>
            <pnp:ContentTypeBinding ContentTypeID="0x0101" Default="true" />
            <pnp:ContentTypeBinding ContentTypeID="0x0120" />
          </pnp:ContentTypeBindings>
          <pnp:Views>
            <View Name="{571D1BB5-F5AD-4CFF-AE4E-628F357D91A0}" DefaultView="TRUE" MobileView="TRUE" MobileDefaultView="TRUE" Type="HTML" DisplayName="All Documents" Url="{site}/PayrollReports/Forms/AllItems.aspx" Level="1" BaseViewID="1" ContentTypeID="0x" ImageUrl="/_layouts/15/images/dlicon.png?rev=47">
              <Query>
                <OrderBy>
                  <FieldRef Name="FileLeafRef" />
                </OrderBy>
              </Query>
              <ViewFields>
                <FieldRef Name="DocIcon" />
                <FieldRef Name="LinkFilename" />
                <FieldRef Name="Month" />
                <FieldRef Name="Year" />
                <FieldRef Name="Modified" />
                <FieldRef Name="Editor" />
              </ViewFields>
              <RowLimit Paged="TRUE">30</RowLimit>
              <Aggregations Value="Off" />
              <JSLink>clienttemplates.js</JSLink>
              <CustomFormatter />
              <ViewData />
            </View>
          </pnp:Views>
          <pnp:Fields>
            <Field DisplayName="Month" Format="Dropdown" IsModern="TRUE" MaxLength="255" Name="Month" Title="Month" Type="Text" ID="{d1a5881f-ea50-4d96-82b6-b51bced38564}" SourceID="{{listid:Payroll Reports}}" StaticName="Month" ColName="nvarchar13" RowOrdinal="0" />
            <Field DisplayName="Year" Format="Dropdown" IsModern="TRUE" MaxLength="255" Name="Year" Title="Year" Type="Text" ID="{a22392ca-c594-4629-9b55-af9388bf66f1}" SourceID="{{listid:Payroll Reports}}" StaticName="Year" ColName="nvarchar14" RowOrdinal="0" />
            <Field ID="{cb19284a-cde7-4570-a980-1dab8bd74470}" Type="Note" Name="_ExtendedDescription" DisplayName="Description" DisplaceOnUpgrade="TRUE" Indexed="FALSE" RichText="TRUE" RichTextMode="Compatible" CanToggleHidden="TRUE" SourceID="http://schemas.microsoft.com/sharepoint/v3" StaticName="_ExtendedDescription" ColName="ntext2" RowOrdinal="0" />
          </pnp:Fields>
          <pnp:FieldRefs>
            <pnp:FieldRef ID="d307dff3-340f-44a2-9f4b-fbfe1ba07459" Name="_CommentCount" DisplayName="Comment count" />
            <pnp:FieldRef ID="db8d9d6d-dc9a-4fbd-85f3-4a753bfdc58c" Name="_LikeCount" DisplayName="Like count" />
          </pnp:FieldRefs>
        </pnp:ListInstance>
        <pnp:ListInstance Title="Policy Configuration" Description="Policy Configuration" DocumentTemplate="" TemplateType="100" Url="Lists/PolicyConfiguration" EnableVersioning="true" MinorVersionLimit="0" MaxVersionLimit="50" DraftVersionVisibility="0" TemplateFeatureID="00bfea71-de22-43b2-a848-c05709900100" EnableFolderCreation="false" DefaultDisplayFormUrl="{site}/Lists/PolicyConfiguration/DispForm.aspx" DefaultEditFormUrl="{site}/Lists/PolicyConfiguration/EditForm.aspx" DefaultNewFormUrl="{site}/Lists/PolicyConfiguration/NewForm.aspx" ImageUrl="/_layouts/15/images/itgen.png?rev=47" IrmExpire="false" IrmReject="false" IsApplicationList="false" ValidationFormula="" ValidationMessage="">
          <pnp:ContentTypeBindings>
            <pnp:ContentTypeBinding ContentTypeID="0x01" Default="true" />
            <pnp:ContentTypeBinding ContentTypeID="0x0120" />
          </pnp:ContentTypeBindings>
          <pnp:Views>
            <View Name="{302EBE30-9810-4E81-A05A-A6D79286D795}" DefaultView="TRUE" MobileView="TRUE" MobileDefaultView="TRUE" Type="HTML" DisplayName="All Items" Url="{site}/Lists/PolicyConfiguration/AllItems.aspx" Level="1" BaseViewID="1" ContentTypeID="0x" ImageUrl="/_layouts/15/images/generic.png?rev=47">
              <Query />
              <ViewFields>
                <FieldRef Name="PolicyDocumentUrl" />
                <FieldRef Name="Active" />
                <FieldRef Name="Country" />
                <FieldRef Name="PolicyType" />
                <FieldRef Name="Role" />
              </ViewFields>
              <RowLimit Paged="TRUE">30</RowLimit>
              <Aggregations Value="Off" />
              <JSLink>clienttemplates.js</JSLink>
              <ViewData />
            </View>
          </pnp:Views>
          <pnp:Fields>
            <Field Type="URL" DisplayName="Policy Document Url" Required="TRUE" EnforceUniqueValues="FALSE" Indexed="FALSE" Format="Hyperlink" ID="{73956299-5cbf-4c36-8653-7310984b71ea}" SourceID="{{listid:Policy Configuration}}" StaticName="PolicyDocumentUrl" Name="PolicyDocumentUrl" ColName="nvarchar4" RowOrdinal="0" ColName2="nvarchar5" RowOrdinal2="0" CustomFormatter="" Version="1" />
            <Field Type="Boolean" DisplayName="Active" EnforceUniqueValues="FALSE" Indexed="FALSE" ID="{6b87da70-ee37-4be1-9e3c-b8d0079f517b}" SourceID="{{listid:Policy Configuration}}" StaticName="Active" Name="Active" ColName="bit1" RowOrdinal="0">
              <Default>1</Default>
            </Field>
            <Field Type="Choice" DisplayName="Policy Type" Required="TRUE" EnforceUniqueValues="FALSE" Indexed="FALSE" Format="Dropdown" FillInChoice="FALSE" ID="{076a5874-74ad-4179-ae11-6bf2210dbe1a}" SourceID="{{listid:Policy Configuration}}" StaticName="PolicyType" Name="PolicyType" ColName="nvarchar6" RowOrdinal="0" CustomFormatter="" Version="1">
              <Default>Enrollment</Default>
              <CHOICES>
                <CHOICE>Enrollment</CHOICE>
                <CHOICE>Cancel</CHOICE>
              </CHOICES>
            </Field>
            <Field Name="Role" FromBaseType="FALSE" Type="Choice" DisplayName="Role" Required="FALSE" EnforceUniqueValues="FALSE" Indexed="FALSE" Format="Dropdown" FillInChoice="FALSE" ID="{db2c09e5-0bb5-4b13-b943-fd20d6cf6cf4}" Version="2" StaticName="Role" SourceID="{{listid:Policy Configuration}}" ColName="nvarchar7" RowOrdinal="0">
              <Default>Fulltime</Default>
              <CHOICES>
                <CHOICE>Fulltime</CHOICE>
                <CHOICE>Contractor</CHOICE>
              </CHOICES>
            </Field>
            <Field Type="Lookup" DisplayName="Country" Required="FALSE" EnforceUniqueValues="FALSE" List="{listid:Countries}" ShowField="Title" UnlimitedLengthInDocumentLibrary="FALSE" ID="{cc954e72-5fa4-4378-b53b-53c19e77fc13}" SourceID="{{listid:Policy Configuration}}" StaticName="Country" Name="Country" ColName="int1" RowOrdinal="0" />
          </pnp:Fields>
          <pnp:Webhooks>
            <pnp:Webhook ServerNotificationUrl="https://northcentralus1.pushnp.svc.ms/notifications?token=e8778a1d-4944-4556-a6f0-756aabd9f985" ExpiresInDays="1" />
          </pnp:Webhooks>
        </pnp:ListInstance>
        <pnp:ListInstance Title="Stipend Request" Description="Stipend Request" DocumentTemplate="" TemplateType="100" Url="Lists/StipendRequest" EnableVersioning="true" MinorVersionLimit="0" MaxVersionLimit="50" DraftVersionVisibility="0" TemplateFeatureID="00bfea71-de22-43b2-a848-c05709900100" EnableFolderCreation="false" DefaultDisplayFormUrl="{site}/Lists/StipendRequest/DispForm.aspx" DefaultEditFormUrl="{site}/Lists/StipendRequest/EditForm.aspx" DefaultNewFormUrl="{site}/Lists/StipendRequest/NewForm.aspx" ImageUrl="/_layouts/15/images/itgen.png?rev=47" IrmExpire="false" IrmReject="false" IsApplicationList="false" ValidationFormula="" ValidationMessage="">
          <pnp:ContentTypeBindings>
            <pnp:ContentTypeBinding ContentTypeID="0x01" Default="true" />
            <pnp:ContentTypeBinding ContentTypeID="0x0120" />
          </pnp:ContentTypeBindings>
          <pnp:Views>
            <View Name="{15DD74D4-6833-41EC-8F82-ADA49F4BAB71}" DefaultView="TRUE" MobileView="TRUE" MobileDefaultView="TRUE" Type="HTML" DisplayName="All Items" Url="{site}/Lists/StipendRequest/AllItems.aspx" Level="1" BaseViewID="1" ContentTypeID="0x" ImageUrl="/_layouts/15/images/generic.png?rev=47">
              <Query />
              <ViewFields>
                <FieldRef Name="Beneficiary" />
                <FieldRef Name="BeneficiaryType" />
                <FieldRef Name="BeneficiaryJobGrade" />
                <FieldRef Name="BeneficiaryDepartment" />
                <FieldRef Name="BeneficiaryHomeCountry" />
                <FieldRef Name="BeneficiaryCurrentCountry" />
                <FieldRef Name="StipendCategory" />
                <FieldRef Name="StipendAmount" />
                <FieldRef Name="AgreementAccepted" />
                <FieldRef Name="RequestDate" />
                <FieldRef Name="RequestType" />
                <FieldRef Name="Requester" />
                <FieldRef Name="Status" />
                <FieldRef Name="IsActive" />
                <FieldRef Name="ApprovalRejectDate" />
                <FieldRef Name="Manager" />
                <FieldRef Name="Reviewer" />
                <FieldRef Name="PolicyDocumentUrl" />
                <FieldRef Name="Comments" />
                <FieldRef Name="PolicyName" />
              </ViewFields>
              <RowLimit Paged="TRUE">30</RowLimit>
              <Aggregations Value="Off" />
              <JSLink>clienttemplates.js</JSLink>
              <ViewData />
            </View>
          </pnp:Views>
          <pnp:Fields>
            <Field Type="User" DisplayName="Beneficiary" List="UserInfo" Required="FALSE" EnforceUniqueValues="FALSE" ShowField="ImnName" UserSelectionMode="PeopleOnly" UserSelectionScope="0" ID="{73fe5bc7-e02e-4338-8c72-46a8dd589aea}" SourceID="{{listid:Stipend Request}}" StaticName="Beneficiary" Name="Beneficiary" ColName="int1" RowOrdinal="0" Group="" Version="1" />
            <Field Type="Choice" DisplayName="Beneficiary Type" Required="FALSE" EnforceUniqueValues="FALSE" Indexed="FALSE" Format="Dropdown" FillInChoice="FALSE" ID="{e77998c5-3235-4624-ad13-871ceab57434}" SourceID="{{listid:Stipend Request}}" StaticName="BeneficiaryType" Name="BeneficiaryType" ColName="nvarchar4" RowOrdinal="0" CustomFormatter="" Version="2">
              <Default>Fulltime</Default>
              <CHOICES>
                <CHOICE>Fulltime</CHOICE>
                <CHOICE>Contractor</CHOICE>
              </CHOICES>
            </Field>
            <Field Type="Text" DisplayName="Beneficiary Job Grade" Required="FALSE" EnforceUniqueValues="FALSE" Indexed="FALSE" MaxLength="255" ID="{22e3747e-4f4f-411a-adb5-8e5cd4194d95}" SourceID="{{listid:Stipend Request}}" StaticName="BeneficiaryJobGrade" Name="BeneficiaryJobGrade" ColName="nvarchar5" RowOrdinal="0" CustomFormatter="" Version="2" />
            <Field Type="Text" DisplayName="Beneficiary Department" Required="FALSE" EnforceUniqueValues="FALSE" Indexed="FALSE" MaxLength="255" ID="{abee0379-8915-42e6-9722-9974076b1c04}" SourceID="{{listid:Stipend Request}}" StaticName="BeneficiaryDepartment" Name="BeneficiaryDepartment" ColName="nvarchar6" RowOrdinal="0" CustomFormatter="" Version="2" />
            <Field Type="Text" DisplayName="Stipend Category" Required="FALSE" EnforceUniqueValues="FALSE" Indexed="FALSE" MaxLength="255" ID="{9586d2f7-30e4-4dfc-85ee-24fdff06e861}" SourceID="{{listid:Stipend Request}}" StaticName="StipendCategory" Name="StipendCategory" ColName="nvarchar7" RowOrdinal="0" CustomFormatter="" Version="2" />
            <Field Type="Text" DisplayName="Stipend Amount" Required="FALSE" EnforceUniqueValues="FALSE" Indexed="FALSE" MaxLength="255" ID="{ca282232-5a3b-4232-90af-f6caa85e0d22}" SourceID="{{listid:Stipend Request}}" StaticName="StipendAmount" Name="StipendAmount" ColName="nvarchar8" RowOrdinal="0" CustomFormatter="" Version="2" />
            <Field Type="Boolean" DisplayName="Agreement Accepted" EnforceUniqueValues="FALSE" Indexed="FALSE" ID="{889bee06-9b8a-4114-8a11-f839954ac562}" SourceID="{{listid:Stipend Request}}" StaticName="AgreementAccepted" Name="AgreementAccepted" ColName="bit1" RowOrdinal="0" CustomFormatter="" Required="FALSE" Version="1">
              <Default>1</Default>
            </Field>
            <Field Type="DateTime" DisplayName="Request Date" Required="FALSE" EnforceUniqueValues="FALSE" Indexed="FALSE" Format="DateTime" FriendlyDisplayFormat="Disabled" ID="{c6fa3c25-64e8-456f-9a93-7a3ee160fd1c}" SourceID="{{listid:Stipend Request}}" StaticName="RequestDate" Name="RequestDate" ColName="datetime1" RowOrdinal="0" CustomFormatter="" CalType="0" Version="2" />
            <Field Type="Choice" DisplayName="Request Type" Required="FALSE" EnforceUniqueValues="FALSE" Indexed="FALSE" Format="Dropdown" FillInChoice="FALSE" ID="{fdb48522-7472-4012-879c-acf352bcaddb}" SourceID="{{listid:Stipend Request}}" StaticName="RequestType" Name="RequestType" ColName="nvarchar9" RowOrdinal="0" CustomFormatter="" Version="1">
              <Default>Enroll</Default>
              <CHOICES>
                <CHOICE>Enroll</CHOICE>
                <CHOICE>Update</CHOICE>
                <CHOICE>Cancel</CHOICE>
              </CHOICES>
            </Field>
            <Field Type="User" DisplayName="Requester" List="UserInfo" Required="FALSE" EnforceUniqueValues="FALSE" ShowField="ImnName" UserSelectionMode="PeopleOnly" UserSelectionScope="0" ID="{aab4753c-9577-41d6-9b9c-b0a7398b5e69}" SourceID="{{listid:Stipend Request}}" StaticName="Requester" Name="Requester" ColName="int2" RowOrdinal="0" />
            <Field Type="Choice" DisplayName="Status" Required="FALSE" EnforceUniqueValues="FALSE" Indexed="FALSE" Format="Dropdown" FillInChoice="FALSE" ID="{9d14edce-c1f3-4d63-8179-1d7cd5b1afa2}" SourceID="{{listid:Stipend Request}}" StaticName="Status" Name="Status" ColName="nvarchar10" RowOrdinal="0" CustomFormatter="" Version="2">
              <Default>In-Progress</Default>
              <CHOICES>
                <CHOICE>In-Progress</CHOICE>
                <CHOICE>Approved</CHOICE>
                <CHOICE>Rejected</CHOICE>
                <CHOICE>Cancelled</CHOICE>
                <CHOICE>Pre-Approved</CHOICE>
                <CHOICE>Auto-Approved</CHOICE>
              </CHOICES>
            </Field>
            <Field Type="Boolean" DisplayName="IsActive" EnforceUniqueValues="FALSE" Indexed="FALSE" ID="{8524560c-502e-4d05-9f81-dc06b5556b24}" SourceID="{{listid:Stipend Request}}" StaticName="IsActive" Name="IsActive" ColName="bit2" RowOrdinal="0">
              <Default>1</Default>
            </Field>
            <Field Type="DateTime" DisplayName="Approval Reject Date" Required="FALSE" EnforceUniqueValues="FALSE" Indexed="FALSE" Format="DateTime" FriendlyDisplayFormat="Disabled" ID="{cd97e4b0-5228-4343-924c-8dd03395d122}" SourceID="{{listid:Stipend Request}}" StaticName="ApprovalRejectDate" Name="ApprovalRejectDate" ColName="datetime2" RowOrdinal="0" CustomFormatter="" CalType="0" Version="2" />
            <Field Type="User" DisplayName="Manager" List="UserInfo" Required="FALSE" EnforceUniqueValues="FALSE" ShowField="ImnName" UserSelectionMode="PeopleOnly" UserSelectionScope="0" ID="{35afc911-00a0-428c-82ff-f7e9bd30febc}" SourceID="{{listid:Stipend Request}}" StaticName="Manager" Name="Manager" ColName="int3" RowOrdinal="0" />
            <Field Type="User" DisplayName="Reviewer" List="UserInfo" Required="FALSE" EnforceUniqueValues="FALSE" ShowField="ImnName" UserSelectionMode="PeopleOnly" UserSelectionScope="0" ID="{0bf302ac-ac7f-474b-a984-c71cb0ebfe4c}" SourceID="{{listid:Stipend Request}}" StaticName="Reviewer" Name="Reviewer" ColName="int4" RowOrdinal="0" />
            <Field Type="Text" DisplayName="Policy Document Url" Required="FALSE" EnforceUniqueValues="FALSE" Indexed="FALSE" MaxLength="255" ID="{5d85c76d-3d26-48a3-918a-69f0159c5ffc}" SourceID="{{listid:Stipend Request}}" StaticName="PolicyDocumentUrl" Name="PolicyDocumentUrl" ColName="nvarchar11" RowOrdinal="0" CustomFormatter="" Version="1" />
            <Field Type="Note" DisplayName="Comments" Required="FALSE" EnforceUniqueValues="FALSE" Indexed="FALSE" NumLines="6" RichText="TRUE" RichTextMode="FullHtml" IsolateStyles="TRUE" Sortable="FALSE" ID="{33025e73-7a56-4544-a4ff-1979860dbf20}" SourceID="{{listid:Stipend Request}}" StaticName="Comments" Name="Comments" ColName="ntext2" RowOrdinal="0" />
            <Field Type="Text" DisplayName="Policy Name" Required="FALSE" EnforceUniqueValues="FALSE" Indexed="FALSE" MaxLength="255" ID="{61ead776-a04d-4253-85b9-6862d60f50eb}" SourceID="{{listid:Stipend Request}}" StaticName="PolicyName" Name="PolicyName" ColName="nvarchar12" RowOrdinal="0" CustomFormatter="" Version="1" />
            <Field Type="Lookup" DisplayName="Beneficiary Home Country" Required="FALSE" EnforceUniqueValues="FALSE" List="{listid:Countries}" ShowField="Title" UnlimitedLengthInDocumentLibrary="FALSE" ID="{cb201404-3ed7-4681-aa8e-d61719f9ae96}" SourceID="{{listid:Stipend Request}}" StaticName="BeneficiaryHomeCountry" Name="BeneficiaryHomeCountry" ColName="int5" RowOrdinal="0" Group="" Version="1" />
            <Field Type="Lookup" DisplayName="Beneficiary Current Country" Required="FALSE" EnforceUniqueValues="FALSE" List="{listid:Countries}" ShowField="Title" UnlimitedLengthInDocumentLibrary="FALSE" ID="{435380f1-3e48-4944-8392-fcce89d816a2}" SourceID="{{listid:Stipend Request}}" StaticName="BeneficiaryCurrentCountry" Name="BeneficiaryCurrentCountry" ColName="int6" RowOrdinal="0" Group="" Version="1" />
          </pnp:Fields>
          <pnp:Webhooks>
            <pnp:Webhook ServerNotificationUrl="https://northcentralus1.pushnp.svc.ms/notifications?token=288c57c4-66f2-44d1-b85a-e293dde187a4" ExpiresInDays="1" />
          </pnp:Webhooks>
        </pnp:ListInstance>
        <pnp:ListInstance Title="Countries" Description="" DocumentTemplate="" TemplateType="100" Url="Lists/Countries" EnableVersioning="true" MinorVersionLimit="0" MaxVersionLimit="50" DraftVersionVisibility="0" TemplateFeatureID="00bfea71-de22-43b2-a848-c05709900100" EnableFolderCreation="false" DefaultDisplayFormUrl="{site}/Lists/Countries/DispForm.aspx" DefaultEditFormUrl="{site}/Lists/Countries/EditForm.aspx" DefaultNewFormUrl="{site}/Lists/Countries/NewForm.aspx" ImageUrl="/_layouts/15/images/itgen.png?rev=47" IrmExpire="false" IrmReject="false" IsApplicationList="false" ValidationFormula="" ValidationMessage="">
          <pnp:ContentTypeBindings>
            <pnp:ContentTypeBinding ContentTypeID="0x01" Default="true" />
          </pnp:ContentTypeBindings>
          <pnp:Views>
            <View Name="{B917BA5C-2A00-476F-9D7C-70EC7F1B3F46}" DefaultView="TRUE" MobileView="TRUE" MobileDefaultView="TRUE" Type="HTML" DisplayName="All Items" Url="{site}/Lists/Countries/AllItems.aspx" Level="1" BaseViewID="1" ContentTypeID="0x" ImageUrl="/_layouts/15/images/generic.png?rev=47">
              <Query />
              <ViewFields>
                <FieldRef Name="LinkTitle" />
              </ViewFields>
              <RowLimit Paged="TRUE">30</RowLimit>
              <JSLink>clienttemplates.js</JSLink>
            </View>
          </pnp:Views>
          <pnp:DataRows UpdateBehavior="Overwrite">
            <pnp:DataRow>
              <pnp:DataValue FieldName="Title">USA</pnp:DataValue>
            </pnp:DataRow>
            <pnp:DataRow>
              <pnp:DataValue FieldName="Title">Hyderabad Office</pnp:DataValue>
            </pnp:DataRow>
            <pnp:DataRow>
              <pnp:DataValue FieldName="Title">Bangalore Office</pnp:DataValue>
            </pnp:DataRow>
          </pnp:DataRows>
          <pnp:Webhooks>
            <pnp:Webhook ServerNotificationUrl="https://northcentralus1.pushnp.svc.ms/notifications?token=5ae69532-65b9-4039-a0da-284f908c11b5" ExpiresInDays="1" />
          </pnp:Webhooks>
        </pnp:ListInstance>
        <pnp:ListInstance Title="Application Configuration" Description="Application Configuration" DocumentTemplate="" TemplateType="100" Url="Lists/ApplicationConfiguration" EnableVersioning="true" MinorVersionLimit="0" MaxVersionLimit="50" DraftVersionVisibility="0" TemplateFeatureID="00bfea71-de22-43b2-a848-c05709900100" EnableFolderCreation="false" DefaultDisplayFormUrl="{site}/Lists/ApplicationConfiguration/DispForm.aspx" DefaultEditFormUrl="{site}/Lists/ApplicationConfiguration/EditForm.aspx" DefaultNewFormUrl="{site}/Lists/ApplicationConfiguration/NewForm.aspx" ImageUrl="/_layouts/15/images/itgen.png?rev=47" IrmExpire="false" IrmReject="false" IsApplicationList="false" ValidationFormula="" ValidationMessage="">
          <pnp:ContentTypeBindings>
            <pnp:ContentTypeBinding ContentTypeID="0x01" Default="true" />
            <pnp:ContentTypeBinding ContentTypeID="0x0120" />
          </pnp:ContentTypeBindings>
          <pnp:Views>
            <View Name="{41BC5052-0455-4729-A609-967E80057929}" DefaultView="TRUE" MobileView="TRUE" MobileDefaultView="TRUE" Type="HTML" DisplayName="All Items" Url="{site}/Lists/ApplicationConfiguration/AllItems.aspx" Level="1" BaseViewID="1" ContentTypeID="0x" ImageUrl="/_layouts/15/images/generic.png?rev=47">
              <Query />
              <ViewFields>
                <FieldRef Name="Key" />
                <FieldRef Name="Value" />
                <FieldRef Name="ConfigType" />
                <FieldRef Name="Country" />
                <FieldRef Name="Links" />
                <FieldRef Name="ImageURL" />
                <FieldRef Name="Role" />
              </ViewFields>
              <RowLimit Paged="TRUE">30</RowLimit>
              <Aggregations Value="Off" />
              <JSLink>clienttemplates.js</JSLink>
              <ViewData />
            </View>
          </pnp:Views>
          <pnp:Fields>
            <Field Type="Text" DisplayName="Key" Required="TRUE" EnforceUniqueValues="FALSE" Indexed="FALSE" MaxLength="255" ID="{89443d64-b247-491a-954f-afbf3af7d8e6}" SourceID="{{listid:Application Configuration}}" StaticName="Key" Name="Key" ColName="nvarchar4" RowOrdinal="0" />
            <Field Type="Note" DisplayName="Value" Required="FALSE" EnforceUniqueValues="FALSE" Indexed="FALSE" NumLines="6" RichText="TRUE" RichTextMode="Compatible" IsolateStyles="FALSE" Sortable="FALSE" ID="{b1502a31-78c5-4cec-9e87-771709f09b77}" SourceID="{{listid:Application Configuration}}" StaticName="Value" Name="Value" ColName="ntext2" RowOrdinal="0" CustomFormatter="" RestrictedMode="TRUE" AppendOnly="FALSE" Version="5" />
            <Field Type="Text" DisplayName="ConfigType" Required="FALSE" EnforceUniqueValues="FALSE" Indexed="FALSE" MaxLength="255" ID="{d875bdbd-5da9-4974-bd22-eb5d0e71ffba}" SourceID="{{listid:Application Configuration}}" StaticName="ConfigType" Name="ConfigType" ColName="nvarchar5" RowOrdinal="0" />
            <Field Type="Text" DisplayName="Links" Required="FALSE" EnforceUniqueValues="FALSE" Indexed="FALSE" MaxLength="255" ID="{1592562b-5ae9-45df-a5f8-b7c581678c16}" SourceID="{{listid:Application Configuration}}" StaticName="Links" Name="Links" ColName="nvarchar6" RowOrdinal="0" />
            <Field Type="Text" DisplayName="ImageURL" Required="FALSE" EnforceUniqueValues="FALSE" Indexed="FALSE" MaxLength="255" ID="{6fcab53c-6e49-4bae-952c-08c1a72351c7}" SourceID="{{listid:Application Configuration}}" StaticName="ImageURL" Name="ImageURL" ColName="nvarchar7" RowOrdinal="0" />
            <Field Type="Lookup" DisplayName="Country" Required="FALSE" EnforceUniqueValues="FALSE" List="{listid:Countries}" ShowField="Title" UnlimitedLengthInDocumentLibrary="FALSE" ID="{0d6d1d8f-6c14-40f0-8938-00ee54086485}" SourceID="{{listid:Application Configuration}}" StaticName="Country" Name="Country" ColName="int1" RowOrdinal="0" />
            <Field Type="MultiChoice" DisplayName="Role" Required="FALSE" EnforceUniqueValues="FALSE" Indexed="FALSE" FillInChoice="FALSE" ID="{fcb4ea88-48eb-438e-bbf6-4e8280e66012}" SourceID="{{listid:Application Configuration}}" StaticName="Role" Name="Role" ColName="ntext3" RowOrdinal="0" CustomFormatter="" Version="1">
              <Default>FTE</Default>
              <CHOICES>
                <CHOICE>FTE</CHOICE>
                <CHOICE>Contractor</CHOICE>
                <CHOICE>Power User</CHOICE>
              </CHOICES>
            </Field>
          </pnp:Fields>
          <pnp:DataRows UpdateBehavior="Overwrite">
            <pnp:DataRow>
              <pnp:DataValue FieldName="Key">DeviceEnrolmentSteps</pnp:DataValue>
              <pnp:DataValue FieldName="Value">https&amp;#58;//www.gilead.com/</pnp:DataValue>
              <pnp:DataValue FieldName="Country" />
              <pnp:DataValue FieldName="Role" />
            </pnp:DataRow>
            <pnp:DataRow>
              <pnp:DataValue FieldName="Key">BasicStipendInfoBan</pnp:DataValue>
              <pnp:DataValue FieldName="Value">Gilead recognizes that employees and contingent workforce may require the use of mobile technology to perform their job duties. Please read the &lt;a href="https&amp;#58;//gvault.veevavault.com/ui/#doc_info/1070332/4/0" target="_blank"&gt;Mobile Device Policy&lt;/a&gt; which governs the Gilead mobile device programs.
&lt;br&gt;Usage of Mobile Device Management software (e.g. Microsoft Intune) and Mobile Threat Defense software (e.g. Lookout for Work) for added security and delivery of Gilead managed applications and data is required for personally-owned mobile devices. 
&lt;br&gt;You must agree to the Terms and Conditions of the Gilead Bring Your Own Device (BYOD) program before enrolling your personal mobile device. Your request must be approved by your line manager. Once approved, you will be emailed instructions on how to enroll your mobile device.</pnp:DataValue>
              <pnp:DataValue FieldName="Country">3</pnp:DataValue>
              <pnp:DataValue FieldName="Role">FTE</pnp:DataValue>
            </pnp:DataRow>
            <pnp:DataRow>
              <pnp:DataValue FieldName="Key">VPTitle</pnp:DataValue>
              <pnp:DataValue FieldName="Value">Senior Software Design Engineer</pnp:DataValue>
              <pnp:DataValue FieldName="Country" />
              <pnp:DataValue FieldName="Role" />
            </pnp:DataRow>
            <pnp:DataRow>
              <pnp:DataValue FieldName="Key">ContractEmployeeValues</pnp:DataValue>
              <pnp:DataValue FieldName="Value">Module Lead,Senior Software Design Engineer,Senior QA Engineer</pnp:DataValue>
              <pnp:DataValue FieldName="Country" />
              <pnp:DataValue FieldName="Role" />
            </pnp:DataRow>
            <pnp:DataRow>
              <pnp:DataValue FieldName="Key">BasicStipendInfoHyd</pnp:DataValue>
              <pnp:DataValue FieldName="Value">Gilead recognizes that employees and contingent workforce may require the use of mobile technology to perform their job duties. Please read the &lt;a href="https&amp;#58;//gvault.veevavault.com/ui/#doc_info/1070332/4/0" target="_blank"&gt;Mobile Device Policy&lt;/a&gt; which governs the Gilead mobile device programs.
&lt;br&gt;Usage of Mobile Device Management software (e.g. Microsoft Intune) and Mobile Threat Defense software (e.g. Lookout for Work) for added security and delivery of Gilead managed applications and data is required for personally-owned mobile devices. 
&lt;br&gt;You must agree to the Terms and Conditions of the Gilead Bring Your Own Device (BYOD) program before enrolling your personal mobile device. Your request must be approved by your line manager. Once approved, you will be emailed instructions on how to enroll your mobile device.</pnp:DataValue>
              <pnp:DataValue FieldName="Country">2</pnp:DataValue>
              <pnp:DataValue FieldName="Role">Contractor</pnp:DataValue>
            </pnp:DataRow>
            <pnp:DataRow>
              <pnp:DataValue FieldName="Key">AllowedLocations</pnp:DataValue>
              <pnp:DataValue FieldName="Value">USA,India,Bangalore Office,Hyderabad Office</pnp:DataValue>
              <pnp:DataValue FieldName="Country" />
              <pnp:DataValue FieldName="Role" />
            </pnp:DataRow>
            <pnp:DataRow>
              <pnp:DataValue FieldName="Key">ADUserLocation</pnp:DataValue>
              <pnp:DataValue FieldName="Value">Office</pnp:DataValue>
              <pnp:DataValue FieldName="Country">1</pnp:DataValue>
              <pnp:DataValue FieldName="Role" />
            </pnp:DataRow>
            <pnp:DataRow>
              <pnp:DataValue FieldName="Key">BasicStipendInfo</pnp:DataValue>
              <pnp:DataValue FieldName="Value">Gilead recognizes that employees and contingent workforce may require the use of mobile technology to perform their job duties. Please read the &lt;a href="https&amp;#58;//gvault.veevavault.com/ui/#doc_info/1070332/4/0" target="_blank"&gt;Mobile Device Policy&lt;/a&gt; which governs the Gilead mobile device programs.
&lt;br&gt;Usage of Mobile Device Management software (e.g. Microsoft Intune) and Mobile Threat Defense software (e.g. Lookout for Work) for added security and delivery of Gilead managed applications and data is required for personally-owned mobile devices. 
&lt;br&gt;You must agree to the Terms and Conditions of the Gilead Bring Your Own Device (BYOD) program before enrolling your personal mobile device. Your request must be approved by your line manager. Once approved, you will be emailed instructions on how to enroll your mobile device.</pnp:DataValue>
              <pnp:DataValue FieldName="Country">1</pnp:DataValue>
              <pnp:DataValue FieldName="Role">FTE</pnp:DataValue>
            </pnp:DataRow>
            <pnp:DataRow>
              <pnp:DataValue FieldName="Key">BasicStipendInfoBan</pnp:DataValue>
              <pnp:DataValue FieldName="Value">Gilead recognizes that employees and contingent workforce may require the use of mobile technology to perform their job duties. Please read the &lt;a href="https&amp;#58;//gvault.veevavault.com/ui/#doc_info/1070332/4/0" target="_blank"&gt;Mobile Device Policy&lt;/a&gt; which governs the Gilead mobile device programs.
&lt;br&gt;Usage of Mobile Device Management software (e.g. Microsoft Intune) and Mobile Threat Defense software (e.g. Lookout for Work) for added security and delivery of Gilead managed applications and data is required for personally-owned mobile devices. 
&lt;br&gt;You must agree to the Terms and Conditions of the Gilead Bring Your Own Device (BYOD) program before enrolling your personal mobile device. Your request must be approved by your line manager. Once approved, you will be emailed instructions on how to enroll your mobile device.</pnp:DataValue>
              <pnp:DataValue FieldName="Country">3</pnp:DataValue>
              <pnp:DataValue FieldName="Role">Contractor</pnp:DataValue>
            </pnp:DataRow>
            <pnp:DataRow>
              <pnp:DataValue FieldName="Key">BasicStipendInfoHyd</pnp:DataValue>
              <pnp:DataValue FieldName="Value">Gilead recognizes that employees and contingent workforce may require the use of mobile technology to perform their job duties. Please read the &lt;a href="https&amp;#58;//gvault.veevavault.com/ui/#doc_info/1070332/4/0" target="_blank"&gt;Mobile Device Policy&lt;/a&gt; which governs the Gilead mobile device programs.
&lt;br&gt;Usage of Mobile Device Management software (e.g. Microsoft Intune) and Mobile Threat Defense software (e.g. Lookout for Work) for added security and delivery of Gilead managed applications and data is required for personally-owned mobile devices. 
&lt;br&gt;You must agree to the Terms and Conditions of the Gilead Bring Your Own Device (BYOD) program before enrolling your personal mobile device. Your request must be approved by your line manager. Once approved, you will be emailed instructions on how to enroll your mobile device.</pnp:DataValue>
              <pnp:DataValue FieldName="Country">2</pnp:DataValue>
              <pnp:DataValue FieldName="Role">FTE</pnp:DataValue>
            </pnp:DataRow>
            <pnp:DataRow>
              <pnp:DataValue FieldName="Key">NonUSMsg</pnp:DataValue>
              <pnp:DataValue FieldName="Value">&lt;b&gt;Please note that this is only for US employees. Employee Stipend request application is not yet live in your country. Please raise a SPARC if you have any queries. &lt;br&gt;
Thank you.&lt;/b&gt;</pnp:DataValue>
              <pnp:DataValue FieldName="Country" />
              <pnp:DataValue FieldName="Role" />
            </pnp:DataRow>
          </pnp:DataRows>
          <pnp:Webhooks>
            <pnp:Webhook ServerNotificationUrl="https://northcentralus1.pushnp.svc.ms/notifications?token=51a36c25-8f8a-4915-b96a-140b9c0acef5" ExpiresInDays="1" />
          </pnp:Webhooks>
        </pnp:ListInstance>
        <pnp:ListInstance Title="Mobile Device Plan Configuration" Description="Mobile Device Plan Configuration" DocumentTemplate="" TemplateType="100" Url="Lists/MobileDevicePlanConfiguration" EnableVersioning="true" MinorVersionLimit="0" MaxVersionLimit="50" DraftVersionVisibility="0" TemplateFeatureID="00bfea71-de22-43b2-a848-c05709900100" EnableFolderCreation="false" DefaultDisplayFormUrl="{site}/Lists/MobileDevicePlanConfiguration/DispForm.aspx" DefaultEditFormUrl="{site}/Lists/MobileDevicePlanConfiguration/EditForm.aspx" DefaultNewFormUrl="{site}/Lists/MobileDevicePlanConfiguration/NewForm.aspx" ImageUrl="/_layouts/15/images/itgen.png?rev=47" IrmExpire="false" IrmReject="false" IsApplicationList="false" ValidationFormula="" ValidationMessage="">
          <pnp:ContentTypeBindings>
            <pnp:ContentTypeBinding ContentTypeID="0x01" Default="true" />
            <pnp:ContentTypeBinding ContentTypeID="0x0120" />
          </pnp:ContentTypeBindings>
          <pnp:Views>
            <View Name="{1BA45EA9-D5E8-4599-8537-DF5682D64CE5}" DefaultView="TRUE" MobileView="TRUE" MobileDefaultView="TRUE" Type="HTML" DisplayName="All Items" Url="{site}/Lists/MobileDevicePlanConfiguration/AllItems.aspx" Level="1" BaseViewID="1" ContentTypeID="0x" ImageUrl="/_layouts/15/images/generic.png?rev=47">
              <Query />
              <ViewFields>
                <FieldRef Name="StipendCategory" />
                <FieldRef Name="StipendDescription" />
                <FieldRef Name="MonthlyAmount" />
                <FieldRef Name="Country" />
                <FieldRef Name="Active" />
              </ViewFields>
              <RowLimit Paged="TRUE">30</RowLimit>
              <Aggregations Value="Off" />
              <JSLink>clienttemplates.js</JSLink>
              <ViewData />
            </View>
          </pnp:Views>
          <pnp:Fields>
            <Field Type="Choice" DisplayName="Stipend Category" Required="TRUE" EnforceUniqueValues="FALSE" Indexed="FALSE" Format="Dropdown" FillInChoice="FALSE" ID="{ebe99459-6d7a-499f-aea0-03c8a8ca836f}" SourceID="{{listid:Mobile Device Plan Configuration}}" StaticName="StipendCategory" Name="StipendCategory" ColName="nvarchar4" RowOrdinal="0" CustomFormatter="" Version="1">
              <Default>Basic</Default>
              <CHOICES>
                <CHOICE>Basic</CHOICE>
                <CHOICE>Standard</CHOICE>
                <CHOICE>High</CHOICE>
              </CHOICES>
            </Field>
            <Field Type="Note" DisplayName="Stipend Description" Required="TRUE" EnforceUniqueValues="FALSE" Indexed="FALSE" NumLines="6" RichText="TRUE" RichTextMode="FullHtml" IsolateStyles="TRUE" Sortable="FALSE" ID="{2aefcb26-2b2b-452c-b8a7-8f30ee5de85a}" SourceID="{{listid:Mobile Device Plan Configuration}}" StaticName="StipendDescription" Name="StipendDescription" ColName="ntext2" RowOrdinal="0" CustomFormatter="" RestrictedMode="TRUE" AppendOnly="FALSE" Version="1" />
            <Field Type="Text" DisplayName="Monthly Amount" Required="TRUE" EnforceUniqueValues="FALSE" Indexed="FALSE" MaxLength="255" ID="{948478e0-1728-483a-ae70-76d55e378ba1}" SourceID="{{listid:Mobile Device Plan Configuration}}" StaticName="MonthlyAmount" Name="MonthlyAmount" ColName="nvarchar5" RowOrdinal="0" CustomFormatter="" Version="1" />
            <Field Type="Boolean" DisplayName="Active" EnforceUniqueValues="FALSE" Indexed="FALSE" ID="{470d9d01-21fe-495b-9081-78a61173f34f}" SourceID="{{listid:Mobile Device Plan Configuration}}" StaticName="Active" Name="Active" ColName="bit1" RowOrdinal="0">
              <Default>1</Default>
            </Field>
            <Field Type="Lookup" DisplayName="Country" Required="FALSE" EnforceUniqueValues="FALSE" List="{listid:Countries}" ShowField="Title" UnlimitedLengthInDocumentLibrary="FALSE" ID="{51dee7e3-4d5c-4a10-ab83-713690f54714}" SourceID="{{listid:Mobile Device Plan Configuration}}" StaticName="Country" Name="Country" ColName="int1" RowOrdinal="0" />
          </pnp:Fields>
          <pnp:DataRows UpdateBehavior="Overwrite">
            <pnp:DataRow>
              <pnp:DataValue FieldName="StipendCategory">Basic</pnp:DataValue>
              <pnp:DataValue FieldName="StipendDescription">&lt;div class="ExternalClass46BCBEDAE8D847658019A3868FE76919"&gt;&lt;span style="color&amp;#58;black;"&gt;​&lt;/span&gt;Occasional use of a mobile device for business purposes&lt;/div&gt;</pnp:DataValue>
              <pnp:DataValue FieldName="MonthlyAmount">$35</pnp:DataValue>
              <pnp:DataValue FieldName="Country">3</pnp:DataValue>
              <pnp:DataValue FieldName="Active">True</pnp:DataValue>
            </pnp:DataRow>
            <pnp:DataRow>
              <pnp:DataValue FieldName="StipendCategory">Standard</pnp:DataValue>
              <pnp:DataValue FieldName="StipendDescription">&lt;div class="ExternalClass5D94F93D11474AC7B9B46ED3884B6B15"&gt;&lt;span style="color&amp;#58;black;"&gt;​&lt;/span&gt;Regular use of voice and data on a mobile device for business purposes. Stipend amount is benchmarked to support unlimited voice, message, and 3GB data. Eligible employees include executions (VP and above) and key support employees who are regularly required to provide support outside of normal working hours.&lt;/div&gt;</pnp:DataValue>
              <pnp:DataValue FieldName="MonthlyAmount">$85</pnp:DataValue>
              <pnp:DataValue FieldName="Country">3</pnp:DataValue>
              <pnp:DataValue FieldName="Active">True</pnp:DataValue>
            </pnp:DataRow>
            <pnp:DataRow>
              <pnp:DataValue FieldName="StipendCategory">High</pnp:DataValue>
              <pnp:DataValue FieldName="StipendDescription">&lt;div class="ExternalClassF7FC1D580B054751A328DF1F1C7B5D63"&gt;&lt;span style="color&amp;#58;black;"&gt;​&lt;/span&gt;High voice/data usage on a mobile device for business purposes. Stipend amount is benchmarked to support unlimited voice, messaging and 5GB data Eligible employees (i.e., Medical Scientists)&lt;/div&gt;</pnp:DataValue>
              <pnp:DataValue FieldName="MonthlyAmount">$100</pnp:DataValue>
              <pnp:DataValue FieldName="Country">3</pnp:DataValue>
              <pnp:DataValue FieldName="Active">True</pnp:DataValue>
            </pnp:DataRow>
            <pnp:DataRow>
              <pnp:DataValue FieldName="StipendCategory">Basic</pnp:DataValue>
              <pnp:DataValue FieldName="StipendDescription">&lt;div class="ExternalClassE3589D09EABB41B2823E144EB034BF91"&gt;Occasional use of a mobile device for business purposes&lt;/div&gt;</pnp:DataValue>
              <pnp:DataValue FieldName="MonthlyAmount">$35</pnp:DataValue>
              <pnp:DataValue FieldName="Country">2</pnp:DataValue>
              <pnp:DataValue FieldName="Active">True</pnp:DataValue>
            </pnp:DataRow>
            <pnp:DataRow>
              <pnp:DataValue FieldName="StipendCategory">Standard</pnp:DataValue>
              <pnp:DataValue FieldName="StipendDescription">&lt;div class="ExternalClass66A59857CD09430AAD8610A2F18B10ED"&gt;&lt;span style="color&amp;#58;black;"&gt;​&lt;/span&gt;Regular use of voice and data on a mobile device for business purposes. Stipend amount is benchmarked to support unlimited voice, message, and 3GB data. Eligible employees include executions (VP and above) and key support employees who are regularly required to provide support outside of normal working hours.&lt;/div&gt;</pnp:DataValue>
              <pnp:DataValue FieldName="MonthlyAmount">$85</pnp:DataValue>
              <pnp:DataValue FieldName="Country">2</pnp:DataValue>
              <pnp:DataValue FieldName="Active">True</pnp:DataValue>
            </pnp:DataRow>
            <pnp:DataRow>
              <pnp:DataValue FieldName="StipendCategory">High</pnp:DataValue>
              <pnp:DataValue FieldName="StipendDescription">&lt;div class="ExternalClassE341E78068B642ACACB30161BC09C836"&gt;&lt;span style="color&amp;#58;black;"&gt;​&lt;/span&gt;High voice/data usage on a mobile device for business purposes. Stipend amount is benchmarked to support unlimited voice, messaging and 5GB data Eligible employees (i.e., Medical Scientists)&lt;/div&gt;</pnp:DataValue>
              <pnp:DataValue FieldName="MonthlyAmount">$100</pnp:DataValue>
              <pnp:DataValue FieldName="Country">2</pnp:DataValue>
              <pnp:DataValue FieldName="Active">True</pnp:DataValue>
            </pnp:DataRow>
          </pnp:DataRows>
          <pnp:Webhooks>
            <pnp:Webhook ServerNotificationUrl="https://northcentralus1.pushnp.svc.ms/notifications?token=a592a145-c912-4d0c-9efc-313d1b163c81" ExpiresInDays="1" />
          </pnp:Webhooks>
        </pnp:ListInstance>
        <pnp:ListInstance Title="Email Templates" Description="Email Templates" DocumentTemplate="" TemplateType="100" Url="Lists/EmailTemplates" EnableVersioning="true" MinorVersionLimit="0" MaxVersionLimit="50" DraftVersionVisibility="0" TemplateFeatureID="00bfea71-de22-43b2-a848-c05709900100" EnableFolderCreation="false" DefaultDisplayFormUrl="{site}/Lists/EmailTemplates/DispForm.aspx" DefaultEditFormUrl="{site}/Lists/EmailTemplates/EditForm.aspx" DefaultNewFormUrl="{site}/Lists/EmailTemplates/NewForm.aspx" ImageUrl="/_layouts/15/images/itgen.png?rev=47" IrmExpire="false" IrmReject="false" IsApplicationList="false" ValidationFormula="" ValidationMessage="">
          <pnp:ContentTypeBindings>
            <pnp:ContentTypeBinding ContentTypeID="0x01" Default="true" />
            <pnp:ContentTypeBinding ContentTypeID="0x0120" />
          </pnp:ContentTypeBindings>
          <pnp:Views>
            <View Name="{26687FCC-EEE9-4881-BC70-6D29E310AA2F}" DefaultView="TRUE" MobileView="TRUE" MobileDefaultView="TRUE" Type="HTML" DisplayName="All Items" Url="{site}/Lists/EmailTemplates/AllItems.aspx" Level="1" BaseViewID="1" ContentTypeID="0x" ImageUrl="/_layouts/15/images/generic.png?rev=47">
              <Query />
              <ViewFields>
                <FieldRef Name="EmailSubject" />
                <FieldRef Name="EmailBody" />
                <FieldRef Name="NotificationType" />
                <FieldRef Name="CC" />
                <FieldRef Name="To" />
                <FieldRef Name="ToBeSent" />
                <FieldRef Name="FROM" />
                <FieldRef Name="TempName" />
              </ViewFields>
              <RowLimit Paged="TRUE">30</RowLimit>
              <Aggregations Value="Off" />
              <JSLink>clienttemplates.js</JSLink>
              <ViewData />
            </View>
          </pnp:Views>
          <pnp:Fields>
            <Field Type="Text" DisplayName="Email Subject" Required="TRUE" EnforceUniqueValues="FALSE" Indexed="FALSE" MaxLength="255" ID="{01ec6d76-7e45-41a0-b6df-a8c32246ba6e}" SourceID="{{listid:Email Templates}}" StaticName="EmailSubject" Name="EmailSubject" ColName="nvarchar4" RowOrdinal="0" Description="Email Subject" CustomFormatter="" Version="1" />
            <Field Type="Note" DisplayName="Email Body" Required="TRUE" EnforceUniqueValues="FALSE" Indexed="FALSE" NumLines="6" RichText="TRUE" RichTextMode="FullHtml" IsolateStyles="TRUE" Sortable="FALSE" ID="{635998a0-4b8b-4d20-9e25-737f609bbbf9}" SourceID="{{listid:Email Templates}}" StaticName="EmailBody" Name="EmailBody" ColName="ntext2" RowOrdinal="0" Description="Email Body" CustomFormatter="" RestrictedMode="TRUE" AppendOnly="FALSE" Version="1" />
            <Field Type="Text" DisplayName="Notification Type" Required="FALSE" EnforceUniqueValues="FALSE" Indexed="FALSE" MaxLength="255" ID="{9658df61-f065-4989-8223-fb8e8fac5708}" SourceID="{{listid:Email Templates}}" StaticName="NotificationType" Name="NotificationType" ColName="nvarchar5" RowOrdinal="0" Description="Notification Type" CustomFormatter="" Version="1" />
            <Field Type="Text" DisplayName="CC" Required="FALSE" EnforceUniqueValues="FALSE" Indexed="FALSE" MaxLength="255" ID="{b4d229c2-55bc-453f-8cc9-399f5f7ede66}" SourceID="{{listid:Email Templates}}" StaticName="CC" Name="CC" ColName="nvarchar6" RowOrdinal="0" />
            <Field Type="Text" DisplayName="To" Required="FALSE" EnforceUniqueValues="FALSE" Indexed="FALSE" MaxLength="255" ID="{fc26e46c-6548-42d8-9bfa-b47ea244ac8f}" SourceID="{{listid:Email Templates}}" StaticName="To" Name="To" ColName="nvarchar7" RowOrdinal="0" />
            <Field Type="Text" DisplayName="FROM" Required="FALSE" EnforceUniqueValues="FALSE" Indexed="FALSE" MaxLength="255" ID="{ffa0a4b7-8354-48c3-8bfd-82899f268101}" SourceID="{{listid:Email Templates}}" StaticName="FROM" Name="FROM" ColName="nvarchar8" RowOrdinal="0" />
            <Field Type="Choice" DisplayName="ToBeSent" Required="FALSE" EnforceUniqueValues="FALSE" Indexed="FALSE" Format="Dropdown" FillInChoice="FALSE" ID="{2f23818a-5afa-4a8b-ab2e-4f346a99beb8}" SourceID="{{listid:Email Templates}}" StaticName="ToBeSent" Name="ToBeSent" ColName="nvarchar9" RowOrdinal="0">
              <Default>Yes</Default>
              <CHOICES>
                <CHOICE>Yes</CHOICE>
                <CHOICE>No</CHOICE>
              </CHOICES>
            </Field>
            <Field Type="Text" DisplayName="Template Name" Required="FALSE" EnforceUniqueValues="FALSE" Indexed="FALSE" MaxLength="255" ID="{70b7d29b-57cb-4ac5-a893-4e2c39df4300}" SourceID="{{listid:Email Templates}}" StaticName="TempName" Name="TempName" ColName="nvarchar10" RowOrdinal="0" CustomFormatter="" Version="1" />
          </pnp:Fields>
          <pnp:DataRows UpdateBehavior="Overwrite">
            <pnp:DataRow>
              <pnp:DataValue FieldName="EmailSubject">ESRA: (Action required) Request submitted by REQUESTOR for approval</pnp:DataValue>
              <pnp:DataValue FieldName="EmailBody">&lt;div class="ExternalClass24602FC413B44104AA15059A70358B3A"&gt;&lt;div style="font-family&amp;#58;Calibri, Arial, Helvetica, sans-serif;font-size&amp;#58;11pt;color&amp;#58;rgb(0, 0, 0);"&gt;&lt;span style="color&amp;#58;black;"&gt;&lt;/span&gt;&lt;/div&gt;&lt;span&gt;** Please do not reply to this email **&lt;br&gt;&lt;/span&gt;&lt;div&gt;&lt;br&gt;&lt;/div&gt;&lt;div&gt;Hello REVIEWER,&lt;br&gt;&lt;/div&gt;&lt;div&gt;A new request on the ESRA portal has been submitted where you are identified as reviewer. Please review the request using the link below&amp;#58;&lt;br&gt;&lt;/div&gt;&lt;div&gt;&lt;br&gt;&lt;/div&gt;&lt;div&gt;REQUESTURL&lt;br&gt;&lt;/div&gt;&lt;div&gt;&lt;br&gt;&lt;/div&gt;&lt;div&gt;Thanks&lt;br&gt;&lt;/div&gt;&lt;span&gt;ESRA system notifications&lt;/span&gt;&lt;/div&gt;</pnp:DataValue>
              <pnp:DataValue FieldName="NotificationType">NewRequestToReviewer</pnp:DataValue>
              <pnp:DataValue FieldName="CC" />
              <pnp:DataValue FieldName="To">BENEFICIARYEMAIL</pnp:DataValue>
            </pnp:DataRow>
            <pnp:DataRow>
              <pnp:DataValue FieldName="EmailSubject">ESRA: Request submitted for approval</pnp:DataValue>
              <pnp:DataValue FieldName="EmailBody">&lt;div class="ExternalClass1D4D2707129E4E8C8A8353A389BED836"&gt;&lt;div style="font-family&amp;#58;Calibri, Arial, Helvetica, sans-serif;font-size&amp;#58;11pt;color&amp;#58;rgb(0, 0, 0);"&gt;&lt;span&gt;​** Please do not reply to this email **&lt;br&gt;&lt;/span&gt;&lt;div&gt;&lt;br&gt;&lt;/div&gt;&lt;div&gt;​Hello REQUESTOR,&lt;br&gt;&lt;/div&gt;&lt;div&gt;Your request on the ESRA portal has been submitted successfully for approval to REVIEWER.&lt;br&gt;&lt;/div&gt;&lt;div&gt;&lt;br&gt;&lt;/div&gt;&lt;div&gt;&lt;br&gt;&lt;/div&gt;&lt;div&gt;Thanks&lt;br&gt;&lt;/div&gt;&lt;span&gt;ESRA system notifications&lt;/span&gt;&lt;br&gt;&lt;/div&gt;&lt;/div&gt;</pnp:DataValue>
              <pnp:DataValue FieldName="NotificationType">NewRequest</pnp:DataValue>
              <pnp:DataValue FieldName="CC" />
              <pnp:DataValue FieldName="To">BENEFICIARYEMAIL</pnp:DataValue>
            </pnp:DataRow>
            <pnp:DataRow>
              <pnp:DataValue FieldName="EmailSubject">ESRA: Your request is auto approved</pnp:DataValue>
              <pnp:DataValue FieldName="EmailBody">&lt;div class="ExternalClass1D4D2707129E4E8C8A8353A389BED836"&gt;&lt;div style="font-family&amp;#58;Calibri, Arial, Helvetica, sans-serif;font-size&amp;#58;11pt;color&amp;#58;rgb(0, 0, 0);"&gt;&lt;span style="font-size&amp;#58;14px;"&gt;** Please do not reply to this email **&lt;/span&gt;&lt;br&gt;&lt;/div&gt;&lt;div style="font-family&amp;#58;Calibri, Arial, Helvetica, sans-serif;font-size&amp;#58;11pt;color&amp;#58;rgb(0, 0, 0);"&gt;&lt;div style="box-sizing&amp;#58;border-box;font-size&amp;#58;14px;background-color&amp;#58;rgb(255, 255, 255);"&gt;&lt;br style="box-sizing&amp;#58;border-box;"&gt;&lt;/div&gt;&lt;div style="box-sizing&amp;#58;border-box;font-size&amp;#58;14px;background-color&amp;#58;rgb(255, 255, 255);"&gt;Hello &lt;span style="font-family&amp;#58;Calibri, Arial, Helvetica, sans-serif;font-size&amp;#58;14.6667px;background-color&amp;#58;rgb(255, 255, 255);display&amp;#58;inline !important;"&gt;BENEFICIARY&lt;/span&gt;,&lt;br style="box-sizing&amp;#58;border-box;"&gt;&lt;/div&gt;&lt;div style="box-sizing&amp;#58;border-box;font-size&amp;#58;14px;background-color&amp;#58;rgb(255, 255, 255);"&gt;Your request on the ESRA portal has been submitted and auto approved successfully.&lt;br style="box-sizing&amp;#58;border-box;"&gt;&lt;/div&gt;&lt;div style="box-sizing&amp;#58;border-box;font-size&amp;#58;14px;background-color&amp;#58;rgb(255, 255, 255);"&gt;&lt;br style="box-sizing&amp;#58;border-box;"&gt;&lt;/div&gt;&lt;div style="box-sizing&amp;#58;border-box;font-size&amp;#58;14px;background-color&amp;#58;rgb(255, 255, 255);"&gt;Thanks&lt;br style="box-sizing&amp;#58;border-box;"&gt;&lt;/div&gt;&lt;span style="box-sizing&amp;#58;border-box;font-size&amp;#58;14px;background-color&amp;#58;rgb(255, 255, 255);"&gt;ESRA system notifications&lt;/span&gt;&lt;span&gt;&lt;/span&gt;&lt;br&gt;&lt;/div&gt;&lt;/div&gt;</pnp:DataValue>
              <pnp:DataValue FieldName="NotificationType">AutoApproval</pnp:DataValue>
              <pnp:DataValue FieldName="CC" />
              <pnp:DataValue FieldName="To">BENEFICIARYEMAIL</pnp:DataValue>
            </pnp:DataRow>
          </pnp:DataRows>
          <pnp:Webhooks>
            <pnp:Webhook ServerNotificationUrl="https://northcentralus1.pushnp.svc.ms/notifications?token=28c00466-39c7-4ed4-870a-5de16341c668" ExpiresInDays="1" />
          </pnp:Webhooks>
        </pnp:ListInstance>
      </pnp:Lists>
    </pnp:ProvisioningTemplate>
  </pnp:Templates>
</pnp:Provisioning>